iter	Passed	Remaining
<<<<<<< HEAD
0	31	31708
1	62	31166
2	98	32841
3	129	32336
4	155	31038
5	187	31079
6	217	30880
7	253	31399
8	285	31384
9	316	31377
10	349	31426
11	384	31631
12	419	31859
13	451	31831
14	486	31917
15	518	31876
16	546	31620
17	578	31572
18	610	31499
19	637	31245
20	666	31053
21	695	30939
22	726	30839
23	755	30707
24	781	30488
25	809	30334
26	836	30157
27	862	29933
28	894	29935
29	924	29897
30	955	29861
31	983	29752
32	1014	29716
33	1040	29555
34	1068	29446
35	1095	29334
36	1126	29312
37	1156	29275
38	1183	29172
39	1216	29198
40	1243	29091
41	1271	29000
42	1301	28967
43	1326	28819
44	1354	28745
45	1378	28597
46	1408	28560
47	1433	28438
48	1461	28355
49	1489	28304
50	1519	28267
51	1542	28127
52	1572	28098
53	1600	28035
54	1630	28018
55	1661	28007
56	1689	27953
57	1720	27946
58	1747	27873
59	1776	27829
60	1806	27803
61	1837	27792
62	1866	27761
63	1892	27679
64	1919	27615
65	1948	27577
66	1975	27510
67	2001	27428
68	2030	27397
69	2059	27363
70	2087	27318
71	2113	27238
72	2141	27188
73	2170	27155
74	2199	27123
75	2224	27043
76	2254	27026
77	2287	27041
78	2316	27004
79	2344	26958
80	2371	26911
81	2399	26867
82	2427	26817
83	2451	26735
84	2478	26681
85	2505	26630
86	2539	26649
87	2570	26637
88	2599	26609
89	2628	26581
90	2656	26532
91	2684	26497
92	2717	26503
93	2746	26468
94	2778	26471
95	2805	26415
96	2834	26390
97	2866	26381
98	2895	26348
99	2924	26316
100	2952	26279
101	2978	26225
102	3009	26205
103	3039	26187
104	3068	26152
105	3096	26114
106	3124	26076
107	3155	26064
108	3187	26054
109	3215	26015
110	3248	26016
111	3279	25998
112	3304	25942
113	3333	25908
114	3360	25863
115	3387	25811
116	3413	25763
117	3443	25735
118	3471	25698
119	3501	25680
120	3528	25629
121	3559	25616
122	3590	25602
123	3621	25585
124	3651	25562
125	3679	25520
126	3706	25478
127	3736	25455
128	3763	25411
129	3794	25394
130	3822	25355
131	3848	25306
132	3877	25276
133	3911	25278
134	3940	25248
135	3968	25211
136	4000	25197
137	4026	25150
138	4054	25114
139	4084	25092
140	4114	25064
141	4137	25001
142	4163	24954
143	4192	24922
144	4221	24895
145	4246	24840
146	4272	24790
147	4299	24750
148	4328	24721
149	4356	24684
150	4385	24657
151	4413	24621
152	4446	24614
153	4474	24582
154	4502	24543
155	4528	24499
156	4556	24465
157	4588	24452
158	4616	24417
159	4647	24399
160	4674	24357
161	4704	24337
162	4731	24295
163	4762	24274
164	4791	24248
165	4820	24220
166	4853	24207
167	4881	24176
168	4907	24133
169	4932	24083
170	4957	24035
171	4984	23995
172	5012	23961
173	5044	23947
174	5073	23918
175	5100	23880
176	5129	23851
177	5154	23804
178	5185	23784
179	5213	23748
180	5246	23741
181	5278	23724
182	5311	23713
183	5339	23679
184	5368	23649
185	5398	23625
186	5425	23586
187	5450	23542
188	5476	23499
189	5502	23458
190	5530	23425
191	5561	23405
192	5587	23364
193	5613	23320
194	5643	23298
195	5676	23283
196	5705	23254
197	5736	23236
198	5763	23197
199	5790	23163
200	5819	23133
201	5846	23098
202	5873	23059
203	5901	23025
204	5930	22997
205	5959	22970
206	5988	22941
207	6021	22929
208	6052	22908
209	6082	22882
210	6113	22859
211	6139	22820
212	6166	22785
213	6198	22767
214	6227	22737
215	6257	22712
216	6287	22686
217	6317	22662
218	6345	22628
219	6374	22601
220	6395	22542
221	6428	22527
222	6456	22496
223	6485	22466
224	6512	22430
225	6539	22397
226	6566	22359
227	6593	22325
228	6617	22279
229	6650	22264
230	6683	22250
231	6709	22211
232	6738	22180
233	6765	22148
234	6793	22116
235	6823	22088
236	6853	22063
237	6882	22034
238	6912	22009
239	6939	21974
240	6969	21949
241	6996	21913
242	7026	21888
243	7053	21852
244	7080	21818
245	7105	21777
246	7138	21760
247	7165	21726
248	7194	21697
249	7226	21679
250	7253	21645
251	7285	21626
252	7316	21602
253	7345	21573
254	7372	21538
255	7398	21501
256	7426	21470
257	7455	21443
258	7482	21407
259	7505	21361
260	7537	21342
261	7571	21328
262	7603	21305
263	7631	21275
264	7663	21256
265	7694	21232
266	7723	21202
267	7753	21177
268	7784	21155
269	7815	21130
270	7842	21096
271	7873	21074
272	7900	21039
273	7926	21003
274	7956	20976
275	7989	20956
276	8020	20934
277	8046	20898
278	8075	20869
279	8100	20831
280	8127	20795
281	8154	20763
282	8179	20723
283	8207	20693
284	8237	20665
285	8270	20646
286	8293	20602
287	8321	20573
288	8349	20540
289	8377	20509
290	8405	20479
291	8437	20457
292	8467	20430
293	8491	20390
294	8515	20350
295	8541	20315
296	8569	20282
297	8596	20250
298	8626	20223
299	8655	20196
300	8686	20173
301	8714	20140
302	8748	20124
303	8778	20097
304	8807	20070
305	8837	20043
306	8865	20012
307	8891	19976
308	8917	19942
309	8945	19911
310	8973	19880
311	8999	19844
312	9027	19814
313	9054	19781
314	9084	19755
315	9116	19732
316	9148	19711
317	9179	19687
318	9208	19659
319	9235	19624
320	9265	19599
321	9291	19563
322	9322	19539
323	9350	19508
324	9383	19489
325	9411	19458
326	9436	19421
327	9467	19396
328	9496	19368
329	9524	19338
330	9559	19320
331	9585	19286
332	9613	19256
333	9643	19228
334	9671	19199
335	9704	19178
336	9733	19149
337	9759	19115
338	9787	19084
339	9818	19058
340	9849	19034
341	9875	19000
342	9904	18971
343	9931	18939
344	9960	18910
345	9989	18881
346	10021	18859
347	10053	18834
348	10082	18806
349	10112	18781
350	10147	18762
351	10176	18734
352	10205	18705
353	10240	18686
354	10266	18652
355	10295	18624
356	10326	18599
357	10371	18599
358	10402	18573
359	10426	18536
360	10455	18506
361	10483	18475
362	10515	18452
363	10543	18422
364	10570	18389
365	10599	18361
366	10628	18331
367	10657	18303
368	10685	18272
369	10712	18240
370	10737	18204
371	10766	18175
372	10792	18142
373	10820	18111
374	10848	18081
375	10882	18059
376	10908	18026
377	10938	17999
378	10967	17971
379	10998	17944
380	11027	17915
381	11054	17883
382	11085	17857
383	11114	17829
384	11142	17798
385	11172	17772
386	11199	17739
387	11229	17711
388	11261	17687
389	11286	17652
390	11314	17623
391	11340	17589
392	11369	17560
393	11397	17530
394	11427	17502
395	11453	17469
396	11479	17435
397	11506	17404
398	11533	17373
399	11563	17345
400	11595	17320
401	11626	17295
402	11655	17266
403	11685	17239
404	11711	17205
405	11738	17173
406	11768	17146
407	11796	17116
408	11822	17083
409	11853	17057
410	11879	17024
411	11905	16992
412	11933	16961
413	11962	16932
414	11988	16899
415	12016	16869
416	12045	16840
417	12078	16816
418	12109	16791
419	12137	16760
420	12163	16729
421	12192	16700
422	12222	16671
423	12251	16643
424	12276	16608
425	12303	16577
426	12330	16545
427	12360	16519
428	12387	16487
429	12419	16462
430	12449	16435
431	12483	16413
432	12510	16382
433	12542	16356
434	12566	16322
435	12592	16289
436	12620	16259
437	12649	16230
438	12678	16202
439	12707	16172
440	12737	16145
441	12764	16114
442	12794	16086
443	12823	16058
444	12857	16035
445	12883	16003
446	12913	15976
447	12943	15947
448	12974	15922
449	13001	15890
450	13030	15862
451	13062	15836
452	13093	15810
453	13122	15782
454	13146	15747
455	13178	15722
456	13204	15688
457	13232	15659
458	13259	15627
459	13288	15600
460	13318	15571
461	13348	15543
462	13380	15518
463	13407	15487
464	13439	15462
465	13468	15434
466	13496	15403
467	13525	15375
468	13551	15342
469	13578	15311
470	13606	15281
471	13638	15256
472	13665	15226
473	13698	15200
474	13728	15173
475	13757	15145
476	13785	15114
477	13810	15081
478	13835	15048
479	13859	15014
480	13885	14982
481	13908	14947
482	13937	14918
483	13965	14888
484	13996	14862
485	14025	14833
486	14052	14802
487	14083	14776
488	14114	14749
489	14143	14720
490	14177	14697
491	14207	14669
492	14232	14637
493	14260	14607
494	14290	14578
495	14319	14550
496	14343	14516
497	14370	14486
498	14399	14456
499	14426	14426
500	14454	14396
501	14482	14367
502	14513	14340
503	14542	14311
504	14572	14283
505	14599	14252
506	14631	14227
507	14659	14197
508	14688	14168
509	14717	14140
510	14742	14107
511	14775	14082
512	14802	14051
513	14830	14022
514	14857	13992
515	14887	13963
516	14912	13931
517	14938	13900
518	14968	13872
519	14999	13845
520	15024	13813
521	15055	13786
522	15088	13761
523	15117	13732
524	15146	13703
525	15175	13675
526	15201	13643
527	15232	13617
528	15259	13586
529	15292	13561
530	15317	13528
531	15347	13501
532	15375	13471
533	15405	13443
534	15436	13416
535	15467	13389
536	15499	13363
537	15527	13334
538	15555	13304
539	15582	13274
540	15615	13248
541	15642	13218
542	15671	13189
543	15699	13159
544	15728	13131
545	15759	13104
546	15789	13076
547	15818	13047
548	15844	13016
549	15873	12987
550	15901	12957
551	15924	12924
552	15953	12895
553	15982	12866
554	16012	12838
555	16041	12810
556	16069	12780
557	16098	12751
558	16125	12721
559	16156	12694
560	16185	12665
561	16214	12636
562	16244	12608
563	16270	12577
564	16297	12547
565	16323	12516
566	16349	12485
567	16377	12456
568	16407	12428
569	16438	12401
570	16468	12372
571	16494	12341
572	16518	12309
573	16550	12283
574	16577	12252
575	16602	12221
576	16628	12190
577	16652	12157
578	16679	12127
579	16706	12098
580	16732	12066
581	16762	12039
582	16792	12011
583	16817	11979
584	16846	11950
585	16878	11924
586	16909	11897
587	16934	11865
588	16964	11837
589	16992	11808
590	17018	11777
591	17051	11751
592	17078	11721
593	17105	11691
594	17135	11663
595	17163	11634
596	17190	11603
597	17216	11573
598	17246	11545
599	17276	11517
600	17305	11489
601	17337	11462
602	17364	11432
603	17394	11404
604	17422	11375
605	17454	11348
606	17480	11317
607	17508	11288
608	17534	11257
609	17564	11229
610	17595	11202
611	17626	11174
612	17652	11144
613	17681	11115
614	17708	11085
615	17738	11057
616	17765	11028
617	17794	10999
618	17822	10970
619	17851	10941
620	17879	10911
621	17906	10882
622	17935	10853
623	17967	10826
624	17994	10796
625	18023	10767
626	18052	10739
627	18079	10709
628	18106	10679
629	18134	10650
630	18159	10619
631	18189	10591
632	18219	10563
633	18245	10532
634	18273	10503
635	18306	10477
636	18333	10447
637	18363	10419
638	18390	10389
639	18420	10361
640	18455	10336
641	18486	10308
642	18515	10280
643	18544	10251
644	18567	10219
645	18593	10188
646	18620	10159
647	18649	10130
648	18677	10101
649	18705	10071
650	18732	10042
651	18759	10012
652	18787	9983
653	18815	9954
654	18845	9926
655	18876	9898
656	18901	9867
657	18928	9838
658	18955	9808
659	18980	9777
660	19010	9749
661	19037	9719
662	19069	9692
663	19098	9664
664	19126	9634
665	19150	9604
666	19179	9575
667	19208	9546
668	19233	9516
669	19265	9489
670	19297	9461
671	19327	9433
672	19356	9404
673	19387	9377
674	19414	9347
675	19444	9319
676	19470	9289
677	19498	9260
678	19526	9231
679	19556	9203
680	19588	9175
681	19617	9147
682	19645	9117
683	19673	9088
684	19704	9061
685	19737	9034
686	19766	9005
687	19797	8978
688	19826	8949
689	19856	8921
690	19885	8892
691	19913	8863
692	19941	8834
693	19971	8805
694	19995	8774
695	20019	8744
696	20050	8716
697	20078	8687
698	20107	8658
699	20137	8630
700	20173	8604
701	20205	8577
702	20231	8547
703	20262	8519
704	20291	8490
705	20323	8463
706	20351	8434
707	20378	8404
708	20406	8375
709	20435	8346
710	20466	8318
711	20496	8290
712	20524	8261
713	20550	8231
714	20580	8203
715	20606	8173
716	20634	8144
717	20661	8115
718	20693	8087
719	20728	8060
720	20759	8033
721	20785	8003
722	20810	7973
723	20840	7944
724	20867	7915
725	20892	7885
726	20920	7856
727	20946	7826
728	20970	7795
729	21002	7768
730	21029	7738
731	21055	7709
732	21085	7680
733	21114	7651
734	21144	7623
735	21172	7594
736	21197	7564
737	21227	7536
738	21256	7507
739	21284	7478
740	21318	7451
741	21352	7424
742	21381	7395
743	21411	7367
744	21442	7339
745	21470	7310
746	21497	7280
747	21523	7251
748	21555	7223
749	21584	7194
750	21614	7166
751	21648	7139
752	21677	7110
753	21709	7082
754	21741	7055
755	21775	7028
756	21808	7000
757	21841	6973
758	21875	6946
759	21903	6917
760	21933	6888
761	21960	6859
762	21989	6830
763	22020	6802
764	22051	6774
765	22075	6743
766	22105	6715
767	22137	6687
768	22163	6657
769	22193	6629
770	22224	6600
771	22249	6571
772	22281	6543
773	22312	6515
774	22346	6487
775	22373	6458
776	22403	6429
777	22436	6402
778	22460	6371
779	22488	6342
780	22522	6315
781	22560	6289
782	22592	6261
783	22623	6232
784	22655	6205
785	22685	6176
786	22720	6149
787	22751	6121
788	22782	6092
789	22814	6064
790	22842	6035
791	22872	6006
792	22900	5977
793	22931	5949
794	22960	5920
795	22993	5892
796	23024	5864
797	23055	5836
798	23084	5807
799	23115	5778
800	23148	5750
801	23180	5722
802	23212	5694
803	23243	5666
804	23272	5637
805	23297	5607
806	23325	5578
807	23355	5549
808	23387	5521
809	23420	5493
810	23444	5463
811	23472	5434
812	23504	5406
813	23536	5378
814	23562	5348
815	23590	5319
816	23619	5290
817	23648	5261
818	23678	5233
819	23709	5204
820	23738	5175
821	23766	5146
822	23794	5117
823	23821	5088
824	23850	5059
825	23877	5029
826	23906	5000
827	23930	4971
828	23952	4940
829	23977	4911
830	24005	4881
831	24034	4853
832	24059	4823
833	24089	4794
834	24117	4765
835	24146	4736
836	24175	4707
837	24202	4678
838	24230	4649
839	24260	4620
840	24288	4592
841	24315	4562
842	24344	4533
843	24374	4505
844	24406	4477
845	24437	4448
846	24469	4420
847	24497	4391
848	24526	4362
849	24556	4333
850	24581	4303
851	24610	4275
852	24639	4246
853	24663	4216
854	24691	4187
855	24725	4159
856	24751	4130
857	24778	4100
858	24809	4072
859	24836	4043
860	24864	4014
861	24894	3985
862	24923	3956
863	24945	3926
864	24979	3898
865	25009	3869
866	25036	3840
867	25067	3812
868	25097	3783
869	25126	3754
870	25154	3725
871	25185	3697
872	25213	3667
873	25243	3639
874	25274	3610
875	25298	3581
876	25325	3551
877	25356	3523
878	25387	3494
879	25414	3465
880	25440	3436
881	25469	3407
882	25496	3378
883	25523	3349
884	25553	3320
885	25584	3291
886	25617	3263
887	25649	3235
888	25674	3205
889	25708	3177
890	25741	3149
891	25767	3119
892	25797	3091
893	25825	3062
894	25849	3032
895	25873	3003
896	25901	2974
897	25927	2945
898	25956	2916
899	25982	2886
900	26007	2857
901	26039	2829
902	26067	2800
903	26095	2771
904	26126	2742
905	26151	2713
906	26177	2684
907	26205	2655
908	26235	2626
909	26262	2597
910	26286	2568
911	26315	2539
912	26357	2511
913	26384	2482
914	26408	2453
915	26434	2424
916	26463	2395
917	26490	2366
918	26514	2336
919	26540	2307
920	26567	2278
921	26598	2250
922	26626	2221
923	26652	2192
924	26684	2163
925	26718	2135
926	26749	2106
927	26779	2077
928	26808	2048
929	26839	2020
930	26864	1991
931	26890	1961
932	26921	1933
933	26951	1904
934	26977	1875
935	27005	1846
936	27036	1817
937	27062	1788
938	27091	1759
939	27115	1730
940	27144	1701
941	27172	1673
942	27195	1643
943	27224	1614
944	27252	1586
945	27280	1557
946	27308	1528
947	27333	1499
948	27359	1470
949	27392	1441
950	27420	1412
951	27446	1383
952	27477	1355
953	27503	1326
954	27533	1297
955	27559	1268
956	27592	1239
957	27616	1210
958	27642	1181
959	27676	1153
960	27708	1124
961	27738	1095
962	27767	1066
963	27790	1037
964	27818	1008
965	27846	980
966	27875	951
967	27904	922
968	27930	893
969	27958	864
970	27986	835
971	28018	807
972	28052	778
973	28082	749
974	28114	720
975	28144	692
976	28173	663
977	28207	634
978	28239	605
979	28269	576
980	28300	548
981	28331	519
982	28363	490
983	28396	461
984	28426	432
985	28457	404
986	28486	375
987	28518	346
988	28547	317
989	28573	288
990	28600	259
991	28632	230
992	28664	202
993	28693	173
994	28726	144
995	28751	115
996	28781	86
997	28808	57
998	28832	28
999	28860	0
=======
0	8	8515
1	17	8526
2	26	8924
3	35	8834
4	43	8679
5	51	8511
6	61	8679
7	69	8666
8	77	8557
9	87	8704
10	97	8773
11	107	8842
12	116	8817
13	125	8853
14	134	8862
15	142	8793
16	151	8778
17	160	8767
18	170	8788
19	179	8783
20	186	8717
21	195	8697
22	204	8675
23	213	8670
24	221	8654
25	230	8645
26	240	8659
27	249	8661
28	258	8660
29	267	8647
30	275	8616
31	284	8602
32	292	8569
33	302	8594
34	310	8563
35	320	8571
36	329	8577
37	337	8552
38	347	8570
39	355	8531
40	364	8527
41	373	8517
42	383	8526
43	391	8509
44	400	8502
45	409	8502
46	418	8476
47	427	8476
48	436	8469
49	445	8467
50	454	8460
51	464	8467
52	473	8460
53	481	8438
54	489	8414
55	497	8392
56	507	8399
57	516	8387
58	525	8387
59	535	8385
60	543	8373
61	552	8358
62	559	8327
63	570	8338
64	579	8334
65	588	8322
66	597	8323
67	606	8308
68	613	8281
69	622	8272
70	632	8276
71	641	8269
72	651	8269
73	661	8273
74	670	8271
75	679	8263
76	688	8255
77	697	8244
78	707	8246
79	716	8243
80	726	8240
81	736	8245
82	745	8236
83	754	8229
84	764	8233
85	773	8218
86	781	8202
87	789	8183
88	798	8178
89	807	8168
90	816	8160
91	826	8153
92	835	8152
93	845	8144
94	859	8184
95	867	8169
96	876	8157
97	884	8143
98	893	8128
99	901	8116
100	911	8113
101	920	8102
102	929	8096
103	938	8086
104	947	8076
105	956	8068
106	966	8064
107	976	8063
108	985	8057
109	994	8047
110	1003	8038
111	1012	8029
112	1021	8020
113	1031	8015
114	1039	8001
115	1049	7996
116	1058	7985
117	1067	7980
118	1076	7969
119	1085	7960
120	1097	7973
121	1106	7965
122	1115	7952
123	1125	7949
124	1134	7943
125	1142	7925
126	1150	7910
127	1160	7904
128	1168	7887
129	1177	7880
130	1187	7875
131	1195	7862
132	1204	7852
133	1213	7844
134	1222	7830
135	1231	7825
136	1241	7819
137	1251	7819
138	1261	7811
139	1269	7799
140	1278	7788
141	1287	7777
142	1296	7767
143	1305	7760
144	1314	7753
145	1324	7744
146	1333	7736
147	1341	7724
148	1350	7715
149	1359	7705
150	1368	7696
151	1377	7686
152	1386	7677
153	1395	7668
154	1404	7659
155	1412	7644
156	1422	7639
157	1432	7632
158	1442	7627
159	1451	7622
160	1461	7614
161	1471	7612
162	1484	7623
163	1502	7657
164	1516	7673
165	1524	7660
166	1533	7650
167	1543	7643
168	1552	7632
169	1561	7625
170	1571	7616
171	1578	7601
172	1589	7598
173	1597	7585
174	1607	7576
175	1614	7561
176	1623	7550
177	1632	7539
178	1641	7527
179	1652	7528
180	1661	7519
181	1671	7511
182	1680	7500
183	1688	7488
184	1697	7476
185	1706	7468
186	1715	7459
187	1725	7451
188	1735	7445
189	1743	7433
190	1753	7426
191	1762	7418
192	1771	7408
193	1781	7400
194	1790	7392
195	1800	7384
196	1809	7373
197	1816	7358
198	1825	7348
199	1834	7339
200	1844	7332
201	1853	7320
202	1861	7309
203	1871	7301
204	1880	7291
205	1890	7285
206	1898	7273
207	1906	7259
208	1915	7248
209	1924	7238
210	1934	7233
211	1943	7223
212	1952	7212
213	1961	7204
214	1970	7194
215	1979	7186
216	1989	7177
217	1998	7170
218	2008	7164
219	2016	7150
220	2025	7137
221	2032	7121
222	2039	7106
223	2049	7101
224	2059	7094
225	2068	7085
226	2077	7075
227	2087	7069
228	2097	7060
229	2106	7051
230	2115	7042
231	2125	7034
232	2134	7025
233	2142	7014
234	2152	7007
235	2162	6999
236	2171	6990
237	2180	6980
238	2189	6972
239	2199	6963
240	2207	6953
241	2216	6942
242	2225	6933
243	2234	6922
244	2244	6916
245	2252	6905
246	2260	6892
247	2270	6883
248	2279	6874
249	2289	6867
250	2298	6858
251	2307	6850
252	2317	6842
253	2326	6833
254	2334	6820
255	2344	6814
256	2353	6803
257	2362	6794
258	2370	6782
259	2379	6771
260	2386	6757
261	2395	6748
262	2405	6739
263	2414	6731
264	2423	6722
265	2432	6712
266	2443	6707
267	2452	6699
268	2462	6691
269	2470	6680
270	2480	6671
271	2489	6663
272	2498	6652
273	2506	6641
274	2515	6630
275	2523	6619
276	2533	6612
277	2542	6602
278	2550	6592
279	2560	6582
280	2569	6573
281	2579	6567
282	2589	6561
283	2598	6550
284	2607	6542
285	2617	6535
286	2627	6526
287	2635	6516
288	2644	6505
289	2652	6493
290	2661	6484
291	2670	6474
292	2680	6467
293	2688	6456
294	2697	6446
295	2706	6436
296	2715	6427
297	2725	6420
298	2735	6412
299	2744	6403
300	2753	6395
301	2763	6386
302	2771	6375
303	2781	6367
304	2790	6359
305	2799	6349
306	2808	6339
307	2816	6328
308	2826	6321
309	2836	6313
310	2845	6303
311	2853	6292
312	2862	6283
313	2872	6276
314	2881	6266
315	2891	6258
316	2900	6248
317	2909	6239
318	2917	6228
319	2927	6221
320	2936	6212
321	2946	6203
322	2955	6194
323	2964	6185
324	2973	6175
325	2982	6165
326	2991	6156
327	3000	6147
328	3010	6140
329	3019	6129
330	3027	6119
331	3036	6110
332	3046	6101
333	3055	6093
334	3064	6084
335	3074	6076
336	3084	6067
337	3092	6057
338	3102	6049
339	3112	6042
340	3121	6033
341	3130	6023
342	3140	6014
343	3150	6007
344	3160	6000
345	3169	5991
346	3179	5983
347	3189	5975
348	3197	5964
349	3207	5956
350	3216	5947
351	3225	5937
352	3234	5928
353	3243	5919
354	3251	5908
355	3261	5900
356	3271	5891
357	3280	5882
358	3288	5872
359	3298	5864
360	3307	5853
361	3314	5842
362	3323	5832
363	3332	5823
364	3341	5813
365	3350	5803
366	3358	5792
367	3367	5782
368	3377	5775
369	3386	5766
370	3395	5757
371	3404	5748
372	3414	5738
373	3423	5729
374	3433	5721
375	3442	5712
376	3453	5707
377	3464	5700
378	3474	5693
379	3484	5684
380	3493	5675
381	3503	5668
382	3513	5659
383	3522	5650
384	3531	5641
385	3540	5632
386	3549	5623
387	3558	5612
388	3567	5603
389	3577	5595
390	3585	5585
391	3594	5574
392	3603	5565
393	3613	5557
394	3622	5548
395	3630	5537
396	3640	5528
397	3649	5520
398	3658	5510
399	3667	5501
400	3677	5493
401	3686	5483
402	3695	5474
403	3704	5465
404	3714	5456
405	3724	5448
406	3733	5440
407	3742	5430
408	3751	5421
409	3760	5411
410	3768	5401
411	3777	5391
412	3786	5381
413	3795	5372
414	3804	5362
415	3812	5351
416	3821	5342
417	3830	5333
418	3838	5322
419	3847	5313
420	3856	5303
421	3866	5295
422	3874	5285
423	3884	5277
424	3893	5268
425	3903	5259
426	3912	5249
427	3921	5240
428	3930	5232
429	3940	5222
430	3949	5213
431	3957	5203
432	3965	5193
433	3974	5183
434	3984	5174
435	3992	5164
436	4002	5156
437	4012	5148
438	4020	5138
439	4029	5128
440	4039	5120
441	4048	5110
442	4055	5099
443	4064	5089
444	4072	5079
445	4081	5070
446	4091	5061
447	4100	5052
448	4109	5043
449	4118	5034
450	4127	5024
451	4136	5015
452	4146	5007
453	4155	4997
454	4164	4988
455	4175	4980
456	4183	4970
457	4191	4960
458	4201	4951
459	4209	4942
460	4218	4932
461	4228	4923
462	4237	4914
463	4245	4904
464	4254	4894
465	4264	4887
466	4272	4876
467	4282	4868
468	4292	4859
469	4300	4849
470	4309	4840
471	4319	4832
472	4328	4822
473	4337	4812
474	4345	4803
475	4355	4794
476	4364	4785
477	4373	4775
478	4381	4765
479	4390	4756
480	4400	4748
481	4408	4738
482	4419	4730
483	4428	4721
484	4438	4713
485	4447	4704
486	4457	4695
487	4467	4687
488	4476	4678
489	4485	4668
490	4495	4659
491	4502	4649
492	4511	4639
493	4520	4629
494	4529	4621
495	4538	4612
496	4547	4602
497	4557	4594
498	4567	4585
499	4576	4576
500	4585	4567
501	4596	4560
502	4616	4561
503	4627	4553
504	4636	4544
505	4646	4535
506	4656	4527
507	4665	4518
508	4674	4509
509	4683	4499
510	4692	4490
511	4701	4480
512	4709	4470
513	4717	4460
514	4727	4452
515	4735	4442
516	4744	4432
517	4754	4423
518	4763	4414
519	4772	4405
520	4782	4396
521	4791	4387
522	4800	4378
523	4808	4368
524	4817	4358
525	4827	4350
526	4835	4340
527	4844	4330
528	4852	4320
529	4861	4310
530	4870	4301
531	4878	4291
532	4886	4281
533	4895	4271
534	4903	4262
535	4922	4261
536	4939	4258
537	4954	4254
538	4964	4245
539	4973	4236
540	4982	4227
541	4991	4218
542	4999	4207
543	5007	4197
544	5016	4188
545	5025	4178
546	5036	4170
547	5044	4161
548	5053	4151
549	5061	4141
550	5071	4132
551	5080	4123
552	5089	4114
553	5099	4105
554	5108	4095
555	5117	4086
556	5126	4077
557	5135	4068
558	5145	4059
559	5155	4050
560	5163	4040
561	5172	4031
562	5181	4022
563	5189	4011
564	5198	4002
565	5207	3993
566	5217	3984
567	5226	3975
568	5235	3965
569	5243	3955
570	5252	3946
571	5260	3936
572	5269	3927
573	5278	3917
574	5288	3908
575	5298	3900
576	5307	3891
577	5316	3881
578	5324	3871
579	5333	3862
580	5342	3852
581	5351	3843
582	5360	3834
583	5369	3825
584	5379	3816
585	5387	3806
586	5397	3797
587	5405	3787
588	5415	3778
589	5425	3770
590	5433	3760
591	5442	3751
592	5451	3741
593	5460	3732
594	5469	3723
595	5478	3713
596	5487	3704
597	5497	3695
598	5506	3686
599	5515	3677
600	5524	3667
601	5533	3658
602	5542	3649
603	5551	3639
604	5559	3629
605	5569	3621
606	5577	3611
607	5586	3601
608	5596	3592
609	5605	3584
610	5614	3574
611	5623	3565
612	5633	3556
613	5642	3547
614	5651	3538
615	5661	3529
616	5669	3519
617	5677	3509
618	5686	3500
619	5695	3490
620	5705	3481
621	5714	3472
622	5723	3463
623	5733	3454
624	5742	3445
625	5751	3436
626	5760	3426
627	5769	3417
628	5779	3408
629	5788	3399
630	5797	3390
631	5806	3381
632	5816	3372
633	5825	3362
634	5834	3353
635	5843	3344
636	5851	3334
637	5860	3325
638	5869	3316
639	5878	3306
640	5888	3297
641	5896	3288
642	5905	3278
643	5915	3269
644	5924	3260
645	5933	3251
646	5941	3241
647	5950	3232
648	5960	3223
649	5969	3214
650	5979	3205
651	5988	3196
652	5997	3186
653	6005	3177
654	6013	3167
655	6022	3158
656	6032	3149
657	6041	3140
658	6049	3130
659	6060	3121
660	6068	3112
661	6078	3103
662	6088	3094
663	6097	3085
664	6105	3075
665	6114	3066
666	6122	3056
667	6131	3047
668	6140	3038
669	6150	3029
670	6159	3020
671	6169	3011
672	6178	3002
673	6187	2992
674	6198	2984
675	6207	2974
676	6215	2965
677	6223	2955
678	6232	2946
679	6242	2937
680	6251	2928
681	6261	2919
682	6270	2910
683	6279	2901
684	6288	2891
685	6298	2882
686	6307	2873
687	6316	2864
688	6325	2855
689	6335	2846
690	6344	2837
691	6353	2827
692	6361	2818
693	6370	2808
694	6379	2799
695	6388	2790
696	6395	2780
697	6403	2770
698	6413	2761
699	6422	2752
700	6431	2743
701	6442	2734
702	6450	2725
703	6459	2715
704	6468	2706
705	6476	2696
706	6485	2687
707	6494	2678
708	6504	2669
709	6512	2660
710	6521	2650
711	6530	2641
712	6540	2632
713	6549	2623
714	6558	2614
715	6567	2604
716	6576	2595
717	6585	2586
718	6595	2577
719	6604	2568
720	6613	2559
721	6623	2550
722	6631	2540
723	6640	2531
724	6649	2522
725	6658	2512
726	6667	2503
727	6676	2494
728	6685	2485
729	6694	2476
730	6703	2466
731	6713	2457
732	6722	2448
733	6731	2439
734	6740	2430
735	6750	2421
736	6758	2411
737	6767	2402
738	6777	2393
739	6785	2384
740	6795	2375
741	6803	2365
742	6812	2356
743	6820	2346
744	6829	2337
745	6838	2328
746	6846	2318
747	6854	2309
748	6863	2299
749	6871	2290
750	6880	2281
751	6888	2271
752	6897	2262
753	6907	2253
754	6916	2244
755	6925	2235
756	6935	2226
757	6944	2216
758	6951	2207
759	6960	2198
760	6969	2188
761	6979	2179
762	6988	2170
763	6997	2161
764	7006	2152
765	7015	2143
766	7024	2134
767	7033	2124
768	7042	2115
769	7051	2106
770	7060	2097
771	7069	2087
772	7077	2078
773	7086	2069
774	7095	2059
775	7104	2050
776	7112	2041
777	7121	2032
778	7131	2023
779	7140	2013
780	7149	2004
781	7157	1995
782	7167	1986
783	7175	1977
784	7185	1968
785	7194	1958
786	7204	1949
787	7214	1940
788	7223	1931
789	7233	1922
790	7242	1913
791	7252	1904
792	7261	1895
793	7271	1886
794	7280	1877
795	7289	1868
796	7298	1859
797	7308	1849
798	7316	1840
799	7326	1831
800	7335	1822
801	7345	1813
802	7355	1804
803	7365	1795
804	7376	1786
805	7387	1778
806	7396	1768
807	7405	1759
808	7414	1750
809	7423	1741
810	7432	1732
811	7441	1723
812	7450	1713
813	7459	1704
814	7469	1695
815	7478	1686
816	7487	1677
817	7496	1668
818	7506	1659
819	7515	1649
820	7524	1640
821	7533	1631
822	7543	1622
823	7552	1613
824	7560	1603
825	7568	1594
826	7578	1585
827	7587	1576
828	7596	1566
829	7604	1557
830	7613	1548
831	7621	1539
832	7631	1529
833	7640	1520
834	7649	1511
835	7658	1502
836	7668	1493
837	7676	1483
838	7686	1474
839	7695	1465
840	7704	1456
841	7714	1447
842	7722	1438
843	7732	1429
844	7741	1420
845	7750	1410
846	7760	1401
847	7769	1392
848	7779	1383
849	7787	1374
850	7796	1365
851	7805	1355
852	7814	1346
853	7823	1337
854	7833	1328
855	7841	1319
856	7849	1309
857	7859	1300
858	7868	1291
859	7877	1282
860	7885	1273
861	7896	1264
862	7904	1254
863	7913	1245
864	7922	1236
865	7931	1227
866	7941	1218
867	7950	1209
868	7959	1199
869	7967	1190
870	7976	1181
871	7985	1172
872	7994	1162
873	8003	1153
874	8011	1144
875	8020	1135
876	8030	1126
877	8040	1117
878	8049	1108
879	8058	1098
880	8067	1089
881	8076	1080
882	8085	1071
883	8094	1062
884	8103	1052
885	8111	1043
886	8121	1034
887	8131	1025
888	8141	1016
889	8149	1007
890	8159	998
891	8168	989
892	8178	979
893	8187	970
894	8195	961
895	8205	952
896	8214	943
897	8223	934
898	8232	924
899	8242	915
900	8252	906
901	8261	897
902	8270	888
903	8279	879
904	8287	869
905	8296	860
906	8305	851
907	8313	842
908	8322	833
909	8330	823
910	8339	814
911	8347	805
912	8357	796
913	8367	787
914	8375	778
915	8384	768
916	8394	759
917	8403	750
918	8414	741
919	8423	732
920	8433	723
921	8442	714
922	8451	705
923	8460	695
924	8470	686
925	8479	677
926	8487	668
927	8496	659
928	8504	649
929	8513	640
930	8523	631
931	8531	622
932	8540	613
933	8550	604
934	8559	595
935	8569	585
936	8580	576
937	8590	567
938	8599	558
939	8608	549
940	8617	540
941	8626	531
942	8636	522
943	8645	512
944	8655	503
945	8664	494
946	8674	485
947	8683	476
948	8694	467
949	8704	458
950	8713	448
951	8723	439
952	8732	430
953	8742	421
954	8752	412
955	8761	403
956	8771	394
957	8779	384
958	8788	375
959	8797	366
960	8807	357
961	8815	348
962	8825	339
963	8834	329
964	8844	320
965	8854	311
966	8864	302
967	8874	293
968	8882	284
969	8891	274
970	8900	265
971	8909	256
972	8918	247
973	8927	238
974	8937	229
975	8945	219
976	8954	210
977	8964	201
978	8972	192
979	8981	183
980	8991	174
981	9001	164
982	9011	155
983	9019	146
984	9028	137
985	9037	128
986	9045	119
987	9054	109
988	9064	100
989	9073	91
990	9080	82
991	9089	73
992	9100	64
993	9109	54
994	9118	45
995	9127	36
996	9136	27
997	9145	18
998	9154	9
999	9164	0
>>>>>>> main
